{"schema":5,"addons":[{"id":"support@lastpass.com","icons":{"32":"https://addons.cdn.mozilla.net/user-media/addon_icons/8/8542-32.png?modified=mcrushed","64":"https://addons.cdn.mozilla.net/user-media/addon_icons/8/8542-64.png?modified=mcrushed","128":"https://addons.cdn.mozilla.net/user-media/addon_icons/8/8542-128.png?modified=mcrushed"},"name":"LastPass Password Manager","version":"4.35.1.2","sourceURI":"https://addons.mozilla.org/firefox/downloads/file/3429807/lastpass_password_manager-4.35.1.2-fx.xpi?src=","homepageURL":"https://lastpass.com/","supportURL":"http://forums.lastpass.com/","description":"LastPass, an award-winning password manager, saves your passwords and gives you secure access from every computer and mobile device.","fullDescription":"LastPass is a password manager that simplifies everything you do online by remembering your passwords, logging into your sites with one click, creating strong passwords for every account, and so much more.\n\nJoin over 10 million people who love getting more done every day with our award-winning password manager!\n\nWith LastPass, you only remember one master password and LastPass takes care of the rest. It fills your logins for you and instantly syncs from your desktop to your laptop, your computer to your smartphone, your tablet to the web, so you never struggle to remember another password. LastPass is free no matter what device you use!\n\nWhy Use a Password Manager?\n- Save, encrypt and backup all your passwords and logins, automatically\n- Sync your data no matter which browser, computer, or mobile device you use\n- Only one strong master password to remember\n- Securely store more logins, with more universal recognition of websites, including bank logins\n- All the features you need to be more productive and efficient\n- Only YOU know your master password, LastPass never has your key\n- Secure offline access to your data via the browser extensions and mobile apps\n\nSave Everything & Increase Productivity:\n- Store login usernames and passwords for all online accounts\n- Fill web logins automatically - no typing required!\n- Checkout fast with shopping profiles\n- Create Secure Notes to store memberships, credit cards, & other important records\n- Attach documents, PDFs, images, audio, and more\n- Keep everything organized in a searchable “vault”\n- Collaborate with others with more secure password sharing features\n\nUniversal Access:\n- Add LastPass to any browser on any computer\n- Login with the same LastPass account everywhere\n- Sync all of your passwords and data automatically\n- Have convenient access to your passwords on all your devices, including any desktop, laptop, smartphone, or tablet\n\nSecurity First:\n- Generate secure passwords to replace weak ones\n- Change passwords automatically on over 75 sites with Auto-Password Change\n- Create strong, unique passwords as you sign up for new websites\n- Protect your LastPass account with multifactor authentication\n- Audit your passwords with the LastPass Security Challenge\n- Flexible security features like autologoff options and master password reprompts\n\nLastPass Data:\nAll of your sensitive vault data, including passwords, secure notes, and uploads is protected through comprehensive measures including use of AES 256 encryption with salting and hashing (for more information regarding LastPass' security features, please visit here):\n- All your passwords and other saved sensitive items are stored in an encrypted manner that is never visible to LastPass in its unencrypted form.\n- This ‘zero-knowledge' model is designed to ensure that the items you save in your LastPass vault may only be decrypted client-side via a Master Password that only the user possesses.\n- LastPass may collect certain high-level usage data (i.e., domain-level URLs) in order to provide a better user experience and customer support.\n\nThe binary component, if optionally installed, will securely communicate with the extension to enable additional functionality including the handling of attachments and syncing logins across clients locally on your computer.\n\nPersonal Data:\nLastPass collects and maintains data as necessary to provide, operate, and support our services. We may collect information* which includes but is not limited to:\n- Your LastPass account information, which includes account owner, account type, as well as payment and transactional information.\n- Your usage, which includes successful and failed log-in attempts, feature utilization, types of items stored in your vault, and sharing of folders.\n- User-specific information, which may include your IP address, devices utilized and associated with your account, as well as your name, email address, and phone number.\nTo the extent that ‘personal data' is shared with third-parties to provide the services to you and on your behalf, such third-parties shall be identified at LogMeIn's Privacy & Trust Center.\n*Some additional information may be collected if specific features are enabled and/or depending on your LastPass account tier.\n\nOnly you know your master password, and only you can access your vault. Your master password is never shared with LastPass. That’s why millions of people and businesses trust LastPass to keep their information safe. We protect your data at every step.\n\nLastPass is free to download and use on any desktop or laptop computer. LastPass Premium adds more features, like family password sharing, 1 GB of encrypted file storage, Premium two-factor authentication options like YubiKey, and priority tech support. Learn more at https://lastpass.com/go-premium\n\nLearn about more features and get LastPass for Internet Explorer, Firefox, Safari, and Opera from www.LastPass.com","weeklyDownloads":39461,"type":"extension","creator":{"name":"LastPass","url":"https://addons.mozilla.org/en-US/firefox/user/2338345/"},"developers":[],"screenshots":[{"url":"https://addons.cdn.mozilla.net/user-media/previews/full/171/171883.png?modified=1543519183","width":440,"height":280,"thumbnailURL":"https://addons.cdn.mozilla.net/user-media/previews/thumbs/171/171883.png?modified=1543519183","thumbnailWidth":440,"thumbnailHeight":280,"caption":"LastPass is an award-winning password manager and form fill for all browsers, platforms, and mobile devices."},{"url":"https://addons.cdn.mozilla.net/user-media/previews/full/191/191654.png?modified=1543519184","width":700,"height":438,"thumbnailURL":"https://addons.cdn.mozilla.net/user-media/previews/thumbs/191/191654.png?modified=1543519184","thumbnailWidth":640,"thumbnailHeight":400},{"url":"https://addons.cdn.mozilla.net/user-media/previews/full/191/191653.png?modified=1543519185","width":700,"height":438,"thumbnailURL":"https://addons.cdn.mozilla.net/user-media/previews/thumbs/191/191653.png?modified=1543519185","thumbnailWidth":640,"thumbnailHeight":400},{"url":"https://addons.cdn.mozilla.net/user-media/previews/full/191/191652.png?modified=1543519186","width":700,"height":438,"thumbnailURL":"https://addons.cdn.mozilla.net/user-media/previews/thumbs/191/191652.png?modified=1543519186","thumbnailWidth":640,"thumbnailHeight":400}],"contributionURL":"","averageRating":3.6833,"reviewCount":4179,"reviewURL":"https://addons.mozilla.org/en-US/firefox/addon/lastpass-password-manager/reviews/","updateDate":1571838164000},{"id":"https-everywhere@eff.org","icons":{"32":"https://addons.cdn.mozilla.net/user-media/addon_icons/229/229918-32.png?modified=mcrushed","64":"https://addons.cdn.mozilla.net/user-media/addon_icons/229/229918-64.png?modified=mcrushed","128":"https://addons.cdn.mozilla.net/user-media/addon_icons/229/229918-128.png?modified=mcrushed"},"name":"HTTPS Everywhere","version":"2019.6.27","sourceURI":"https://addons.mozilla.org/firefox/downloads/file/3060290/https_everywhere-2019.6.27-an+fx.xpi?src=","homepageURL":"https://www.eff.org/https-everywhere","supportURL":"https://www.eff.org/https-everywhere","description":"Encrypt the web! HTTPS Everywhere is a Firefox extension to protect your communications by enabling HTTPS encryption automatically on sites that are known to support it, even when you type URLs or follow links that omit the https: prefix.","fullDescription":"Many sites on the web offer some limited support for encryption over HTTPS, but make it difficult to use. For instance, they may default to unencrypted HTTP, or fill encrypted pages with links that go back to the unencrypted site.\n\nThe HTTPS Everywhere extension fixes these problems by rewriting all requests to these sites to HTTPS.","weeklyDownloads":39281,"type":"extension","creator":{"name":"EFF Technologists","url":"https://addons.mozilla.org/en-US/firefox/user/5474073/"},"developers":[],"screenshots":[{"url":"https://addons.cdn.mozilla.net/user-media/previews/full/214/214771.png?modified=1549592598","width":1280,"height":800,"thumbnailURL":"https://addons.cdn.mozilla.net/user-media/previews/thumbs/214/214771.png?modified=1549592598","thumbnailWidth":640,"thumbnailHeight":400}],"contributionURL":"","averageRating":4.5565,"reviewCount":451,"reviewURL":"https://addons.mozilla.org/en-US/firefox/addon/https-everywhere/reviews/","updateDate":1562332269000},{"id":"addon@darkreader.org","icons":{"32":"https://addons.cdn.mozilla.net/user-media/addon_icons/855/855413-32.png?modified=7a53288d","64":"https://addons.cdn.mozilla.net/user-media/addon_icons/855/855413-64.png?modified=7a53288d","128":"https://addons.cdn.mozilla.net/user-media/addon_icons/855/855413-128.png?modified=7a53288d"},"name":"Dark Reader","version":"4.8.2","sourceURI":"https://addons.mozilla.org/firefox/downloads/file/3429386/dark_reader-4.8.2-an+fx.xpi?src=","homepageURL":"https://darkreader.org/","supportURL":"https://github.com/darkreader/darkreader","description":"Dark mode for every website. Take care of your eyes, use dark theme for night and daily browsing.","fullDescription":"This eye-care extension enables night mode creating dark themes for websites on the fly. Dark Reader inverts bright colors making them high contrast and easy to read at night.\n\nYou can adjust brightness, contrast, sepia filter, dark mode, font settings and ignore-list.\n\nDark Reader doesn't show ads and doesn't send user's data anywhere. It is fully open-source https://github.com/darkreader/darkreader\n\nBefore you install disable similar extensions. Enjoy watching!","weeklyDownloads":28569,"type":"extension","creator":{"name":"Alexander Shutau","url":"https://addons.mozilla.org/en-US/firefox/user/13299734/"},"developers":[],"screenshots":[{"url":"https://addons.cdn.mozilla.net/user-media/previews/full/201/201069.png?modified=1545252760","width":2400,"height":1500,"thumbnailURL":"https://addons.cdn.mozilla.net/user-media/previews/thumbs/201/201069.png?modified=1545252760","thumbnailWidth":640,"thumbnailHeight":400,"caption":"Dark Reader night theme mode"},{"url":"https://addons.cdn.mozilla.net/user-media/previews/full/201/201070.png?modified=1545252760","width":2400,"height":1500,"thumbnailURL":"https://addons.cdn.mozilla.net/user-media/previews/thumbs/201/201070.png?modified=1545252760","thumbnailWidth":640,"thumbnailHeight":400,"caption":"Dark Reader filter settings"}],"contributionURL":"https://opencollective.com/darkreader","averageRating":4.5848,"reviewCount":544,"reviewURL":"https://addons.mozilla.org/en-US/firefox/addon/darkreader/reviews/","updateDate":1571742732000},{"id":"{d10d0bf8-f5b5-c8b4-a8b2-2b9879e08c5d}","icons":{"32":"https://addons.cdn.mozilla.net/user-media/addon_icons/1/1865-32.png?modified=mcrushed","64":"https://addons.cdn.mozilla.net/user-media/addon_icons/1/1865-64.png?modified=mcrushed","128":"https://addons.cdn.mozilla.net/user-media/addon_icons/1/1865-128.png?modified=mcrushed"},"name":"Adblock Plus","version":"3.7","sourceURI":"https://addons.mozilla.org/firefox/downloads/file/3429671/adblock_plus-3.7-an+fx.xpi?src=","homepageURL":"https://adblockplus.org/","supportURL":"http://adblockplus.org/forum/","description":"One of the most popular free ad blockers for Firefox. Block annoying ads on sites like Facebook, YouTube and all other websites.\n\nAdblock Plus blocks all annoying ads, and supports websites by not blocking unobtrusive ads by default (configurable).","fullDescription":"Get the free ad blocker for Firefox. With almost 500 million downloads to date!\n\n✓ Block annoying ads and popups\n✓ Block video ads on sites like YouTube\n✓ Speed-up loading time on pages\n✓ Reduce risk of \"malvertising\" infections\n✓ Protect your privacy by stopping trackers from following your online activity\n✓ Block social media icons tracking\n\nThe ad blocker's additional features enable you to easily support your favorite websites by whitelisting them, to add or create your own filters, and to block social media icons tracking.\n\nAdblock Plus supports the Acceptable Ads initiative. Acceptable Ads are shown by default, which helps support websites that rely on advertising revenue but choose to only display nonintrusive ads. This can be disabled at any time for users who wish to block all ads. The initiative allows content producers to receive monetization for their work and helps create an environment of fairness and sustainability for user, advertiser, and creator alike. Learn more\n\nBy downloading and installing this extension, you agree to our Terms of Use and our Privacy Policy.","weeklyDownloads":184210,"type":"extension","creator":{"name":"Adblock Plus","url":"https://addons.mozilla.org/en-US/firefox/user/13462625/"},"developers":[],"screenshots":[{"url":"https://addons.cdn.mozilla.net/user-media/previews/full/137/137084.png?modified=1543518618","width":700,"height":521,"thumbnailURL":"https://addons.cdn.mozilla.net/user-media/previews/thumbs/137/137084.png?modified=1543518618","thumbnailWidth":640,"thumbnailHeight":476,"caption":"Easily remove all annoying ads from Firefox."},{"url":"https://addons.cdn.mozilla.net/user-media/previews/full/137/137086.png?modified=1543518619","width":700,"height":521,"thumbnailURL":"https://addons.cdn.mozilla.net/user-media/previews/thumbs/137/137086.png?modified=1543518619","thumbnailWidth":640,"thumbnailHeight":476,"caption":"Adblock Plus can do more than adblocking. Enable powerful features in one click."},{"url":"https://addons.cdn.mozilla.net/user-media/previews/full/137/137088.png?modified=1543518621","width":700,"height":521,"thumbnailURL":"https://addons.cdn.mozilla.net/user-media/previews/thumbs/137/137088.png?modified=1543518621","thumbnailWidth":640,"thumbnailHeight":476,"caption":"Clean up your Facebook experience with Adblock Plus."},{"url":"https://addons.cdn.mozilla.net/user-media/previews/full/137/137090.png?modified=1543518622","width":700,"height":521,"thumbnailURL":"https://addons.cdn.mozilla.net/user-media/previews/thumbs/137/137090.png?modified=1543518622","thumbnailWidth":640,"thumbnailHeight":476,"caption":"Adblock Plus even removes those annoying 30-second video ads on YouTube."},{"url":"https://addons.cdn.mozilla.net/user-media/previews/full/137/137092.png?modified=1543518624","width":700,"height":521,"thumbnailURL":"https://addons.cdn.mozilla.net/user-media/previews/thumbs/137/137092.png?modified=1543518624","thumbnailWidth":640,"thumbnailHeight":476,"caption":"Remove all annoying blinking banners!"},{"url":"https://addons.cdn.mozilla.net/user-media/previews/full/137/137094.png?modified=1543518625","width":700,"height":521,"thumbnailURL":"https://addons.cdn.mozilla.net/user-media/previews/thumbs/137/137094.png?modified=1543518625","thumbnailWidth":640,"thumbnailHeight":476,"caption":"Browse the web as it once used to be."},{"url":"https://addons.cdn.mozilla.net/user-media/previews/full/137/137096.png?modified=1543518627","width":700,"height":521,"thumbnailURL":"https://addons.cdn.mozilla.net/user-media/previews/thumbs/137/137096.png?modified=1543518627","thumbnailWidth":640,"thumbnailHeight":476,"caption":"Please help us by reporting bugs."},{"url":"https://addons.cdn.mozilla.net/user-media/previews/full/137/137098.png?modified=1543518628","width":700,"height":521,"thumbnailURL":"https://addons.cdn.mozilla.net/user-media/previews/thumbs/137/137098.png?modified=1543518628","thumbnailWidth":640,"thumbnailHeight":476,"caption":"You can even create your own blocking lists to customize the web to your exact needs."}],"contributionURL":"","averageRating":4.6249,"reviewCount":6557,"reviewURL":"https://addons.mozilla.org/en-US/firefox/addon/adblock-plus/reviews/","updateDate":1571763614000}],"compatOverrides":[]}