{"formautofill@mozilla.org":{"permissions":["internal:privateBrowsingAllowed"],"origins":[]},"fxmonitor@mozilla.org":{"permissions":["internal:privateBrowsingAllowed"],"origins":[]},"screenshots@mozilla.org":{"permissions":["internal:privateBrowsingAllowed"],"origins":[]},"webcompat@mozilla.org":{"permissions":["internal:privateBrowsingAllowed"],"origins":[]},"default-theme@mozilla.org":{"permissions":["internal:privateBrowsingAllowed"],"origins":[]},"google@search.mozilla.org":{"permissions":["internal:privateBrowsingAllowed"],"origins":[]},"amazondotcom@search.mozilla.org":{"permissions":["internal:privateBrowsingAllowed"],"origins":[]},"bing@search.mozilla.org":{"permissions":["internal:privateBrowsingAllowed"],"origins":[]},"ddg@search.mozilla.org":{"permissions":["internal:privateBrowsingAllowed"],"origins":[]},"ebay@search.mozilla.org":{"permissions":["internal:privateBrowsingAllowed"],"origins":[]},"twitter@search.mozilla.org":{"permissions":["internal:privateBrowsingAllowed"],"origins":[]},"wikipedia@search.mozilla.org":{"permissions":["internal:privateBrowsingAllowed"],"origins":[]},"firefox-compact-dark@mozilla.org":{"permissions":["internal:privateBrowsingAllowed"],"origins":[]},"addon@darkreader.org":{"permissions":["internal:privateBrowsingAllowed"],"origins":[]},"{d10d0bf8-f5b5-c8b4-a8b2-2b9879e08c5d}":{"permissions":["internal:privateBrowsingAllowed"],"origins":[]},"https-everywhere@eff.org":{"permissions":["internal:privateBrowsingAllowed"],"origins":[]},"support@lastpass.com":{"permissions":["internal:privateBrowsingAllowed"],"origins":[]},"doh-rollout@mozilla.org":{"permissions":["internal:privateBrowsingAllowed"],"origins":[]}}