{"defaultHandlersVersion":{"en-US":4},"mimeTypes":{"application/pdf":{"action":3,"extensions":["pdf"]},"application/gzip":{"action":0,"ask":true,"extensions":["gz","tgz"]},"application/zip":{"action":0,"ask":true,"extensions":["zip"]},"text/csv":{"action":0,"ask":true,"extensions":["csv"]},"image/jpeg":{"action":0,"ask":true,"extensions":["jpg","jpeg","jpe","jfif"]},"text/plain":{"action":0,"ask":true,"extensions":["txt","asc","text","pm","el","c","h","cc","hh","cxx","hxx","f90","conf","log"]},"application/x-tex":{"action":0,"ask":true,"extensions":["tex"]},"text/x-tex":{"action":0,"ask":true}},"schemes":{"ircs":{"action":2,"ask":true,"handlers":[null,{"name":"Mibbit","uriTemplate":"https://www.mibbit.com/?url=%s"}]},"mailto":{"action":2,"ask":true,"handlers":[null,{"name":"Yahoo! Mail","uriTemplate":"https://compose.mail.yahoo.com/?To=%s"},{"name":"Gmail","uriTemplate":"https://mail.google.com/mail/?extsrc=mailto&url=%s"}]},"irc":{"action":2,"ask":true,"handlers":[null,{"name":"Mibbit","uriTemplate":"https://www.mibbit.com/?url=%s"}]}}}