{"nextId":2,"logins":[{"id":1,"hostname":"https://piazza.com","httpRealm":null,"formSubmitURL":"https://piazza.com","usernameField":"email","passwordField":"password","encryptedUsername":"MDoEEPgAAAAAAAAAAAAAAAAAAAEwFAYIKoZIhvcNAwcECBuVwvoWGZe7BBBJrU2SZdOo7YTByYJCrNUg","encryptedPassword":"MDoEEPgAAAAAAAAAAAAAAAAAAAEwFAYIKoZIhvcNAwcECCV7YZ1AYNvwBBB5fbVt56qSwOEcdRL2hd1I","guid":"{cc5ad31a-c442-4629-bf3d-74aee34dd8c8}","encType":1,"timeCreated":1570303496976,"timeLastUsed":1571860944084,"timePasswordChanged":1570303496976,"timesUsed":22}],"version":2}