{"chrome://browser/content/browser.xhtml":{"main-window":{"screenX":"13","screenY":"33","width":"623","height":"1014","sizemode":"normal"},"sidebar-box":{"sidebarcommand":"viewBookmarksSidebar","width":""},"sidebar-title":{"value":"Bookmarks"},"place:parent=menu________":{"open":"true"},"place:parent=0cxcOpmBZTXh":{"open":"true"},"PersonalToolbar":{"collapsed":"false"},"place:parent=toolbar_____":{"open":"true"},"place:parent=XtIeIdkudLyD":{"open":"true"}},"about:config":{"prefCol":{"ordinal":"1","sortDirection":"ascending"},"lockCol":{"ordinal":"3"},"typeCol":{"ordinal":"5"},"valueCol":{"ordinal":"7"}},"chrome://mozapps/content/downloads/unknownContentType.xul":{"unknownContentType":{"screenX":"22","screenY":"107"}},"chrome://mozapps/content/handling/dialog.xul":{"handling":{"screenX":"771","screenY":"349","width":"381","height":"381"}},"chrome://browser/content/places/places.xul":{"placesContentTags":{"ordinal":"3"},"placesContentUrl":{"ordinal":"5"},"placesContentDate":{"ordinal":"7"},"placesContentVisitCount":{"ordinal":"9"},"placesContentDateAdded":{"ordinal":"11"},"placesContentLastModified":{"ordinal":"13"},"places":{"screenX":"644","screenY":"33","width":"632","height":"1014","sizemode":"normal"},"place:parent=toolbar_____":{"open":"true"},"place:parent=XtIeIdkudLyD":{"open":"true"}},"chrome://passwordmgr/content/passwordManager.xul":{"SignonViewerDialog":{"screenX":"630","screenY":"304","width":"660","height":"473"}},"chrome://browser/content/places/bookmarkProperties.xul":{"bookmarkproperties":{"screenX":"748","screenY":"493","width":"440"}}}